set,name,slot,defense,fire_res,water_res,thunder_res,ice_res,dragon_res,level_1_decoration_slots,level_2_decoration_slots,level_3_decoration_slots,skills
Hope,Hope Mask,Head,2,1,0,1,0,0,0,0,0,Stun Resistance +1
Hope,Hope Mail,Chest,2,1,0,1,0,0,0,0,0,Divine Blessing +1
Hope,Hope Vambraces,Arms,2,1,0,1,0,0,0,0,0,Divine Blessing +1
Hope,Hope Coil,Waist,2,1,0,1,0,0,0,0,0,Stun Resistance +1
Hope,Hope Greaves,Legs,2,1,0,1,0,0,0,0,0,Divine Blessing +1
Leather,Leather Headgear,Head,2,2,0,0,0,0,0,0,0,Botanist +1
Leather,Leather Vest,Chest,2,2,0,0,0,0,0,0,0,Botanist +1
Leather,Leather Gloves,Arms,2,2,0,0,0,0,0,0,0,Hunger Resistance +1
Leather,Leather Belt,Waist,2,2,0,0,0,0,0,0,0,Botanist +1
Leather,Leather Pants,Legs,2,2,0,0,0,0,0,0,0,Botanist +1
Chainmail,Chainmail Headgear,Head,2,0,2,0,0,0,0,0,0,Geologist +1
Chainmail,Chainmail Vest,Chest,2,0,2,0,0,0,0,0,0,Geologist +1
Chainmail,Chainmail Gloves,Arms,2,0,2,0,0,0,0,0,0,Geologist +1
Chainmail,Chainmail Belt,Waist,2,0,2,0,0,0,0,0,0,Recovery Speed +1
Chainmail,Chainmail Pants,Legs,2,0,2,0,0,0,0,0,0,Recovery Speed +1
Bone,Bone Helm,Head,4,2,0,2,0,2,0,0,0,Marathon Runner +1
Bone,Bone Mail,Chest,4,2,0,2,0,2,0,0,0,Marathon Runner +1
Bone,Bone Vambraces,Arms,4,2,0,2,0,2,0,0,0,Stun Resistance +1
Bone,Bone Coil,Waist,4,2,0,2,0,2,0,0,0,Marathon Runner +1
Bone,Bone Greaves,Legs,4,2,0,2,0,2,0,0,0,Stun Resistance +1
Bulaqchi,Bulaqchi Specs,Head,4,-4,1,1,-2,4,0,0,0,"Neopteron Alert +1,Entomologist +1"
Talioth,Talioth Vambraces,Arms,4,4,-2,-2,-2,2,0,0,0,"Flexible Leathercraft +1,Leap of Faith +1"
Chatacabra,Chatacabra Helm,Head,6,1,2,-3,-1,1,0,0,0,"Flexible Leathercraft +1,Speed Eating +1"
Chatacabra,Chatacabra Mail,Chest,6,1,2,-3,-1,1,0,0,0,"Flexible Leathercraft +1,Speed Eating +1"
Chatacabra,Chatacabra Vambraces,Arms,6,1,2,-3,-1,1,0,0,0,"Flexible Leathercraft +1,Item Prolonger +1"
Chatacabra,Chatacabra Coil,Waist,6,1,2,-3,-1,1,0,0,0,"Flexible Leathercraft +1,Speed Eating +1"
Chatacabra,Chatacabra Greaves,Legs,6,1,2,-3,-1,1,0,0,0,"Flexible Leathercraft +1,Item Prolonger +1"
Quematrice,Quematrice Helm,Head,6,2,-3,0,-1,0,0,0,0,"Scaling Prowess +1,Flinch Free +1"
Quematrice,Quematrice Mail,Chest,6,2,-3,0,-1,0,0,0,0,"Scaling Prowess +1,Fire Resistance +1"
Quematrice,Quematrice Braces,Arms,6,2,-3,0,-1,0,0,0,0,"Scaling Prowess +1,Flinch Free +1"
Quematrice,Quematrice Coil,Waist,6,2,-3,0,-1,0,0,0,0,"Scaling Prowess +1,Fire Resistance +1"
Quematrice,Quematrice Greaves,Legs,6,2,-3,0,-1,0,0,0,0,"Scaling Prowess +1,Flinch Free +1"
Alloy,Alloy Helm,Head,6,-2,1,-2,-2,1,0,0,0,Quick Sheathe +1
Alloy,Alloy Mail,Chest,6,-2,1,-2,-2,1,0,0,0,Tremor Resistance +1
Alloy,Alloy Vambraces,Arms,6,-2,1,-2,-2,1,0,0,0,Tremor Resistance +1
Alloy,Alloy Coil,Waist,6,-2,1,-2,-2,1,0,0,0,Tremor Resistance +1
Alloy,Alloy Greaves,Legs,6,-2,1,-2,-2,1,0,0,0,Quick Sheathe +1
Piragill,Piragill Greaves,Legs,4,-3,4,-3,1,1,0,0,0,"Flexible Leathercraft +1,Water Resistance +1"
Vespoid,Vespoid Helm,Head,4,-2,1,1,1,2,0,0,0,"Neopteron Alert +1,Survival Expert +1"
Vespoid,Vespoid Mail,Chest,4,-2,1,1,1,2,0,0,0,"Neopteron Alert +1,Survival Expert +1"
Vespoid,Vespoid Vambraces,Arms,4,-2,1,1,1,2,0,0,0,"Neopteron Alert +1,Paralysis Resistance +1"
Vespoid,Vespoid Coil,Waist,4,-2,1,1,1,2,0,0,0,"Neopteron Alert +1,Paralysis Resistance +1"
Vespoid,Vespoid Greaves,Legs,4,-2,1,1,1,2,0,0,0,"Neopteron Alert +1,Survival Expert +1"
Gajau,Gajau Boots,Legs,4,0,5,0,0,0,0,0,0,"Flexible Leathercraft +1,Water Resistance +1"
Lala Barina,Barina Headgear,Head,8,-3,3,0,0,3,0,0,0,"Neopteron Alert +1,Paralysis Resistance +1"
Lala Barina,Barina Mail,Chest,8,-3,3,0,0,3,0,0,0,"Neopteron Alert +1,Paralysis Resistance +1"
Lala Barina,Barina Vambraces,Arms,8,-3,3,0,0,3,0,0,0,"Neopteron Alert +1,Recovery Up +1"
Lala Barina,Barina Coil,Waist,8,-3,3,0,0,3,0,0,0,"Neopteron Alert +1,Recovery Up +1"
Lala Barina,Barina Greaves,Legs,8,-3,3,0,0,3,0,0,0,"Neopteron Alert +1,Recovery Up +1"
Conga,Conga Helm,Head,8,-3,1,1,-1,2,0,0,0,"Fortifying Pelt +1,Mushroomancer +1"
Conga,Conga Mail,Chest,8,-3,1,1,-1,2,0,0,0,"Fortifying Pelt +1,Mushroomancer +1"
Conga,Conga Vambraces,Arms,8,-3,1,1,-1,2,0,0,0,"Fortifying Pelt +1,Stench Resistance +1"
Conga,Conga Coil,Waist,8,-3,1,1,-1,2,0,0,0,"Fortifying Pelt +1,Stench Resistance +1"
Conga,Conga Greaves,Legs,8,-3,1,1,-1,2,0,0,0,"Fortifying Pelt +1,Mushroomancer +1"
Balahara,Balahara Helm,Head,12,-1,2,-3,1,1,0,0,0,"Scaling Prowess +1,Hunger Resistance +1"
Balahara,Balahara Mail,Chest,12,-1,2,-3,1,1,0,0,0,"Scaling Prowess +1,Quick Sheathe +1"
Balahara,Balahara Vambraces,Arms,12,-1,2,-3,1,1,0,0,0,"Scaling Prowess +1,Evade Extender +1"
Balahara,Balahara Coil,Waist,12,-1,2,-3,1,1,0,0,0,"Scaling Prowess +1,Evade Extender +1"
Balahara,Balahara Greaves,Legs,12,-1,2,-3,1,1,0,0,0,"Scaling Prowess +1,Evade Extender +1"
Doshaguma,Doshaguma Helm,Head,16,-3,2,-1,-1,4,0,0,0,"Doshaguma's Might +1,Fortifying Pelt +1,Free Meal +1"
Doshaguma,Doshaguma Mail,Chest,16,-3,2,-1,-1,4,0,0,0,"Doshaguma's Might +1,Fortifying Pelt +1,Free Meal +1"
Doshaguma,Doshaguma Braces,Arms,16,-3,2,-1,-1,4,0,0,0,"Doshaguma's Might +1,Fortifying Pelt +1,Recovery Speed +1"
Doshaguma,Doshaguma Coil,Waist,16,-3,2,-1,-1,4,0,0,0,"Doshaguma's Might +1,Fortifying Pelt +1,Item Prolonger +1"
Doshaguma,Doshaguma Greaves,Legs,16,-3,2,-1,-1,4,0,0,0,"Doshaguma's Might +1,Fortifying Pelt +1,Free Meal +1"
Ingot,Ingot Helm,Head,16,-2,0,3,-1,0,0,0,0,Divine Blessing +1
Ingot,Ingot Mail,Chest,16,-2,0,3,-1,0,0,0,0,Windproof +1
Ingot,Ingot Vambraces,Arms,16,-2,0,3,-1,0,0,0,0,Stun Resistance +1
Ingot,Ingot Coil,Waist,16,-2,0,3,-1,0,0,0,0,Divine Blessing +1
Ingot,Ingot Greaves,Legs,16,-2,0,3,-1,0,0,0,0,Windproof +1
Kranodath,Kranodath Mail,Chest,16,4,-2,0,-2,0,0,0,0,"Scaling Prowess +1,Flinch Free +2"
Comaqchi,Comaqchi Accessory,Head,16,-5,0,0,3,3,0,0,0,"Neopteron Alert +1,Sleep Resistance +1"
Rompopolo,Rompopolo Helm,Head,18,0,-3,0,0,1,0,0,0,"Flexible Leathercraft +1,Wide-Range +1"
Rompopolo,Rompopolo Mail,Chest,18,0,-3,0,0,1,0,0,0,"Flexible Leathercraft +1,Wide-Range +1"
Rompopolo,Rompopolo Vambraces,Arms,18,0,-3,0,0,1,0,0,0,"Flexible Leathercraft +1,Wide-Range +1,Poison Resistance +1"
Rompopolo,Rompopolo Coil,Waist,18,0,-3,0,0,1,0,0,0,"Flexible Leathercraft +1,Wide-Range +1,Poison Resistance +1"
Rompopolo,Rompopolo Greaves,Legs,18,0,-3,0,0,1,0,0,0,"Flexible Leathercraft +1,Wide-Range +1"
Nerscylla,Nerscylla Helm,Head,20,-2,2,-2,1,2,0,0,0,"Neopteron Alert +1,Ambush +1"
Nerscylla,Nerscylla Mail,Chest,20,-2,2,-2,1,2,0,0,0,"Neopteron Alert +1,Bind Resistance +1,Poison Resistance +1"
Nerscylla,Nerscylla Vambraces,Arms,20,-2,2,-2,1,2,0,0,0,"Neopteron Alert +1,Ambush +1"
Nerscylla,Nerscylla Coil,Waist,20,-2,2,-2,1,2,0,0,0,"Neopteron Alert +1,Bind Resistance +1,Sleep Resistance +1"
Nerscylla,Nerscylla Greaves,Legs,20,-2,2,-2,1,2,0,0,0,"Neopteron Alert +1,Ambush +1"
Hirabami,Hirabami Headdress,Head,22,-3,2,-2,3,0,0,0,0,"Scaling Prowess +1,Evade Window +1,Recovery Speed +1"
Hirabami,Hirabami Mail,Chest,22,-3,2,-2,3,0,0,0,0,"Scaling Prowess +1,Evade Window +1,Recovery Speed +1"
Hirabami,Hirabami Vambraces,Arms,22,-3,2,-2,3,0,0,0,0,"Scaling Prowess +1,Evade Window +1,Ice Resistance +1"
Hirabami,Hirabami Coil,Waist,22,-3,2,-2,3,0,0,0,0,"Scaling Prowess +1,Evade Window +1,Ice Resistance +1"
Hirabami,Hirabami Greaves,Legs,22,-3,2,-2,3,0,0,0,0,"Scaling Prowess +1,Evade Window +1,Ice Resistance +1"
Ajarakan,Ajarakan Helm,Head,24,3,-3,1,-2,0,0,0,0,"Fortifying Pelt +1,Partbreaker +1,Bombardier +1"
Ajarakan,Ajarakan Mail,Chest,24,3,-3,1,-2,0,0,0,0,"Fortifying Pelt +1,Partbreaker +1"
Ajarakan,Ajarakan Vambraces,Arms,24,3,-3,1,-2,0,0,0,0,"Fortifying Pelt +1,Bombardier +1,Cliffhanger +1"
Ajarakan,Ajarakan Coil,Waist,24,3,-3,1,-2,0,0,0,0,"Fortifying Pelt +1,Bombardier +1,Blast Resistance +1"
Ajarakan,Ajarakan Greaves,Legs,24,3,-3,1,-2,0,0,0,0,"Fortifying Pelt +1,Partbreaker +1,Blast Resistance +1"
Guardian Seikret,G. Seikret Coil,Waist,22,0,0,4,0,-3,1,0,0,"Guardian's Pulse +1,Jump Master +1"
Uth Duna,Duna Helm,Head,26,-1,4,-3,0,0,0,0,0,"Uth Duna's Cover +1,Lord's Favor +1,Peak Performance +1,Tool Specialist +1"
Uth Duna,Duna Mail,Chest,26,-1,4,-3,0,0,1,0,0,"Uth Duna's Cover +1,Lord's Favor +1,Peak Performance +1"
Uth Duna,Duna Vambraces,Arms,26,-1,4,-3,0,0,1,0,0,"Uth Duna's Cover +1,Lord's Favor +1,Tool Specialist +1"
Uth Duna,Duna Coil,Waist,26,-1,4,-3,0,0,0,0,0,"Uth Duna's Cover +1,Lord's Favor +1,Tool Specialist +1,Aquatic/Oilsilt Mobility +1"
Uth Duna,Duna Greaves,Legs,26,-1,4,-3,0,0,0,0,0,"Uth Duna's Cover +1,Lord's Favor +1,Peak Performance +1"
Rey Dau,Rey Sandhelm,Head,26,0,-2,4,-3,0,0,0,0,"Rey Dau's Voltage +1,Lord's Favor +1,Latent Power +1"
Rey Dau,Rey Sandmail,Chest,26,0,-2,4,-3,0,0,0,0,"Rey Dau's Voltage +1,Lord's Favor +1,Constitution +1"
Rey Dau,Rey Sandbraces,Arms,26,0,-2,4,-3,0,1,0,0,"Rey Dau's Voltage +1,Lord's Favor +1,Latent Power +1"
Rey Dau,Rey Sandcoil,Waist,26,0,-2,4,-3,0,1,0,0,"Rey Dau's Voltage +1,Lord's Favor +1,Constitution +1"
Rey Dau,Rey Sandgreaves,Legs,26,0,-2,4,-3,0,0,0,0,"Rey Dau's Voltage +1,Lord's Favor +1,Latent Power +1,Constitution +1"
Nu Udra,Udra Mirehelm,Head,26,5,-4,0,1,0,1,0,0,"Nu Udra's Mutiny +1,Lord's Favor +1,Resentment +1"
Nu Udra,Udra Miremail,Chest,26,5,-4,0,1,0,0,0,0,"Nu Udra's Mutiny +1,Lord's Favor +1,Resentment +1,Speed Eating +1"
Nu Udra,Udra Mirebraces,Arms,26,5,-4,0,1,0,1,0,0,"Nu Udra's Mutiny +1,Lord's Favor +1,Speed Eating +1"
Nu Udra,Udra Mirecoil,Waist,26,5,-4,0,1,0,1,0,0,"Nu Udra's Mutiny +1,Lord's Favor +1,Resentment +1"
Nu Udra,Udra Miregreaves,Legs,26,5,-4,0,1,0,1,0,0,"Nu Udra's Mutiny +1,Lord's Favor +1,Speed Eating +1"
Guardian Doshaguma,G. Doshaguma Helm,Head,26,-3,2,-1,-2,2,1,0,0,"Doshaguma's Might +1,Guardian's Pulse +1,Heroics +1"
Guardian Doshaguma,G. Doshaguma Mail,Chest,26,-3,2,-1,-2,2,0,0,0,"Doshaguma's Might +1,Guardian's Pulse +1,Heroics +1,Iron Skin +1"
Guardian Doshaguma,G. Doshaguma Braces,Arms,26,-3,2,-1,-2,2,1,0,0,"Doshaguma's Might +1,Guardian's Pulse +1,Marathon Runner +1"
Guardian Doshaguma,G. Doshaguma Coil,Waist,26,-3,2,-1,-2,2,0,0,0,"Doshaguma's Might +1,Guardian's Pulse +1,Heroics +1,Marathon Runner +1"
Guardian Doshaguma,G. Doshaguma Greaves,Legs,26,-3,2,-1,-2,2,0,0,0,"Doshaguma's Might +1,Guardian's Pulse +1,Marathon Runner +1,Iron Skin +1"
Guardian Rathalos,G. Rathalos Helm,Head,26,3,1,-2,1,-5,0,0,0,"Rathalos's Flare +1,Guardian's Pulse +1,Weakness Exploit +1,Intimidator +1"
Guardian Rathalos,G. Rathalos Mail,Chest,26,3,1,-2,1,-5,1,0,0,"Rathalos's Flare +1,Guardian's Pulse +1,Intimidator +1"
Guardian Rathalos,G. Rathalos Vambraces,Arms,26,3,1,-2,1,-5,1,0,0,"Rathalos's Flare +1,Guardian's Pulse +1,Weakness Exploit +1"
Guardian Rathalos,G. Rathalos Coil,Waist,26,3,1,-2,1,-5,1,0,0,"Rathalos's Flare +1,Guardian's Pulse +1,Intimidator +1"
Guardian Rathalos,G. Rathalos Greaves,Legs,26,3,1,-2,1,-5,1,0,0,"Rathalos's Flare +1,Guardian's Pulse +1,Weakness Exploit +1"
Guardian Ebony,G. Ebony Helm,Head,26,-2,-3,-2,-2,4,1,0,0,"Ebony Odogaron's Power +1,Guardian's Pulse +1,Burst +1"
Guardian Ebony,G. Ebony Mail,Chest,26,-2,-3,-2,-2,4,1,0,0,"Ebony Odogaron's Power +1,Guardian's Pulse +1,Bleeding Resistance +1"
Guardian Ebony,G. Ebony Braces,Arms,26,-2,-3,-2,-2,4,1,0,0,"Ebony Odogaron's Power +1,Guardian's Pulse +1,Burst +1"
Guardian Ebony,G. Ebony Coil,Waist,26,-2,-3,-2,-2,4,0,0,0,"Ebony Odogaron's Power +1,Guardian's Pulse +1,Burst +1,Bleeding Resistance +1"
Guardian Ebony,G. Ebony Greaves,Legs,26,-2,-3,-2,-2,4,1,0,0,"Ebony Odogaron's Power +1,Guardian's Pulse +1,Bleeding Resistance +1"
Xu Wu,Xu Wu Helm,Head,26,1,1,1,-3,2,1,0,0,"Flexible Leathercraft +1,Maximum Might +1"
Xu Wu,Xu Wu Mail,Chest,26,1,1,1,-3,2,1,0,0,"Flexible Leathercraft +1,Stamina Surge +1"
Xu Wu,Xu Wu Vambraces,Arms,26,1,1,1,-3,2,1,0,0,"Flexible Leathercraft +1,Maximum Might +1"
Xu Wu,Xu Wu Coil,Waist,26,1,1,1,-3,2,0,0,0,"Flexible Leathercraft +1,Maximum Might +1,Stamina Surge +1"
Xu Wu,Xu Wu Greaves,Legs,26,1,1,1,-3,2,1,0,0,"Flexible Leathercraft +1,Stamina Surge +1"
Guardian Arkveld,G. Arkveld Helm,Head,30,2,0,-1,0,-4,1,0,0,"Guardian Arkveld's Vitality +1,Guardian's Pulse +1,Flayer +1"
Guardian Arkveld,G. Arkveld Mail,Chest,30,2,0,-1,0,-4,0,0,0,"Guardian Arkveld's Vitality +1,Guardian's Pulse +1,Flayer +1,Blight Resistance +1"
Guardian Arkveld,G. Arkveld Vambraces,Arms,30,2,0,-1,0,-4,1,0,0,"Guardian Arkveld's Vitality +1,Guardian's Pulse +1,Flayer +1"
Guardian Arkveld,G. Arkveld Coil,Waist,30,2,0,-1,0,-4,1,1,0,"Guardian Arkveld's Vitality +1,Guardian's Pulse +1,Blight Resistance +1"
Guardian Arkveld,G. Arkveld Greaves,Legs,30,2,0,-1,0,-4,1,0,0,"Guardian Arkveld's Vitality +1,Guardian's Pulse +1,Blight Resistance +1"
Hope A,Hope Mask α,Head,26,1,0,1,0,0,1,0,0,Divine Blessing +2
Hope A,Hope Mail α,Chest,26,1,0,1,0,0,1,1,0,Poison Resistance +1
Hope A,Hope Vambraces α,Arms,26,1,0,1,0,0,1,1,0,Sleep Resistance +1
Hope A,Hope Coil α,Waist,26,1,0,1,0,0,1,0,0,"Divine Blessing +1,Stun Resistance +1"
Hope A,Hope Greaves α,Legs,26,1,0,1,0,0,1,0,0,Stun Resistance +2
Leather A,Leather Headgear α,Head,26,2,0,0,0,0,1,0,0,Botanist +2
Leather A,Leather Mail α,Chest,26,2,0,0,0,0,1,0,0,"Botanist +1,Item Prolonger +1"
Leather A,Leather Gloves α,Arms,26,2,0,0,0,0,1,0,0,"Botanist +1,Hunger Resistance +1"
Leather A,Leather Belt α,Waist,26,2,0,0,0,0,1,1,0,Hunger Resistance +1
Leather A,Leather Pants α,Legs,26,2,0,0,0,0,1,0,0,"Hunger Resistance +1,Item Prolonger +1"
Chainmail A,Chainmail Headgear α,Head,26,0,2,0,0,0,1,1,0,Geologist +1
Chainmail A,Chainmail Armor α,Chest,26,0,2,0,0,0,1,0,0,"Geologist +1,Ice Resistance +1"
Chainmail A,Chainmail Gloves α,Arms,26,0,2,0,0,0,1,0,0,"Geologist +1,Recovery Speed +1"
Chainmail A,Chainmail Belt α,Waist,26,0,2,0,0,0,1,0,0,"Recovery Speed +1,Ice Resistance +1"
Chainmail A,Chainmail Pants α,Legs,26,0,2,0,0,0,1,1,0,Recovery Speed +1
Bone A,Bone Helm α,Head,32,2,0,2,0,2,1,0,0,"Stun Resistance +1,Speed Eating +1"
Bone A,Bone Mail α,Chest,32,2,0,2,0,2,1,0,0,"Marathon Runner +1,Stun Resistance +1"
Bone A,Bone Vambraces α,Arms,32,2,0,2,0,2,1,0,0,"Marathon Runner +1,Speed Eating +1"
Bone A,Bone Coil α,Waist,32,2,0,2,0,2,1,1,0,Marathon Runner +1
Bone A,Bone Greaves α,Legs,32,2,0,2,0,2,1,1,0,Stun Resistance +1
Alloy A,Alloy Helm α,Head,32,-2,1,-2,-2,1,1,1,0,Quick Sheathe +1
Alloy A,Alloy Mail α,Chest,32,-2,1,-2,-2,1,1,0,0,Flinch Free +2
Alloy A,Alloy Vambraces α,Arms,32,-2,1,-2,-2,1,1,1,0,Tremor Resistance +1
Alloy A,Alloy Coil α,Waist,32,-2,1,-2,-2,1,1,0,0,"Tremor Resistance +1,Quick Sheathe +1"
Alloy A,Alloy Greaves α,Legs,32,-2,1,-2,-2,1,1,0,0,"Quick Sheathe +1,Flinch Free +1"
Bulaqchi A,Bulaqchi Specs α,Head,32,-4,1,1,-2,4,0,0,0,"Neopteron Alert +1,Entomologist +1,Weakness Exploit +1"
Bulaqchi B,Bulaqchi Specs β,Head,32,-4,1,1,-2,4,2,1,0,"Neopteron Camouflage +1,Entomologist +1"
Talioth A,Talioth Vambraces α,Arms,32,4,-2,-2,-2,2,0,0,0,"Flexible Leathercraft +1,Leap of Faith +1,Burst +1"
Talioth B,Talioth Vambraces β,Arms,32,4,-2,-2,-2,2,2,1,0,"Buttery Leathercraft +1,Leap of Faith +1"
Piragill A,Piragill Greaves α,Legs,32,-3,4,-3,1,1,0,0,0,"Flexible Leathercraft +1,Aquatic/Oilsilt Mobility +1,Water Resistance +2"
Piragill B,Piragill Greaves β,Legs,32,-3,4,-3,1,1,2,0,0,"Buttery Leathercraft +1,Aquatic/Oilsilt Mobility +1"
Vespoid A,Vespoid Helm α,Head,32,-2,1,1,1,2,0,0,0,"Neopteron Alert +1,Survival Expert +1,Ambush +1"
Vespoid A,Vespoid Mail α,Chest,32,-2,1,1,1,2,1,0,0,"Neopteron Alert +1,Survival Expert +1,Evade Window +1"
Vespoid A,Vespoid Vambraces α,Arms,32,-2,1,1,1,2,0,0,0,"Neopteron Alert +1,Paralysis Resistance +1,Ambush +1"
Vespoid A,Vespoid Coil α,Waist,32,-2,1,1,1,2,1,0,0,"Neopteron Alert +1,Paralysis Resistance +1,Evade Window +1"
Vespoid A,Vespoid Greaves α,Legs,32,-2,1,1,1,2,1,1,0,"Neopteron Alert +1,Survival Expert +1,Paralysis Resistance +1"
Vespoid B,Vespoid Helm β,Head,32,-2,1,1,1,2,2,0,0,"Neopteron Camouflage +1,Survival Expert +1"
Vespoid B,Vespoid Mail β,Chest,32,-2,1,1,1,2,1,1,1,"Neopteron Camouflage +1,Survival Expert +1"
Vespoid B,Vespoid Vambraces β,Arms,32,-2,1,1,1,2,2,0,0,"Neopteron Camouflage +1,Paralysis Resistance +1"
Vespoid B,Vespoid Coil β,Waist,32,-2,1,1,1,2,1,1,1,"Neopteron Camouflage +1,Paralysis Resistance +1"
Vespoid B,Vespoid Greaves β,Legs,32,-2,1,1,1,2,2,1,0,"Neopteron Camouflage +1,Survival Expert +1"
Kranodath A,Kranodath Mail α,Chest,32,4,-2,0,-2,0,0,0,0,"Scaling Prowess +1,Flinch Free +2,Partbreaker +1"
Kranodath B,Kranodath Mail β,Chest,32,4,-2,0,-2,0,2,0,0,"Scale Layering +1,Flinch Free +2"
Comaqchi A,Comaqchi Accessory α,Head,32,-5,0,0,3,3,0,0,0,"Neopteron Alert +1,Sleep Resistance +2,Foray +1"
Comaqchi B,Comaqchi Accessory β,Head,32,-5,0,0,3,3,2,1,0,"Neopteron Camouflage +1,Sleep Resistance +2"
Kut Ku A,Kut-Ku Helm α,Head,36,3,0,-2,-4,2,1,0,0,"Scaling Prowess +1,Constitution +2,Fire Resistance +2"
Kut Ku A,Kut-Ku Mail α,Chest,36,3,0,-2,-4,2,1,0,0,"Scaling Prowess +1,Agitator +1,Fire Resistance +1"
Kut Ku A,Kut-Ku Vambraces α,Arms,36,3,0,-2,-4,2,1,0,0,"Scaling Prowess +1,Constitution +1,Agitator +1"
Kut Ku A,Kut-Ku Coil α,Waist,36,3,0,-2,-4,2,0,0,0,"Scaling Prowess +1,Agitator +1,Recovery Up +2"
Kut Ku A,Kut-Ku Greaves α,Legs,36,3,0,-2,-4,2,2,0,0,"Scaling Prowess +1,Constitution +2,Recovery Up +1"
Kut Ku B,Kut-Ku Helm β,Head,36,3,0,-2,-4,2,2,1,0,"Scale Layering +1,Constitution +2"
Kut Ku B,Kut-Ku Mail β,Chest,36,3,0,-2,-4,2,2,0,0,"Scale Layering +1,Agitator +1"
Kut Ku B,Kut-Ku Vambraces β,Arms,36,3,0,-2,-4,2,2,1,1,"Scale Layering +1,Constitution +1"
Kut Ku B,Kut-Ku Coil β,Waist,36,3,0,-2,-4,2,1,0,0,"Scale Layering +1,Agitator +1,Recovery Up +1"
Kut Ku B,Kut-Ku Greaves β,Legs,36,3,0,-2,-4,2,2,1,0,"Scale Layering +1,Constitution +1,Recovery Up +1"
Chatacabra A,Chatacabra Helm α,Head,36,1,2,-3,-1,1,1,0,0,"Flexible Leathercraft +1,Speed Eating +1,Wide-Range +1"
Chatacabra A,Chatacabra Mail α,Chest,36,1,2,-3,-1,1,0,0,0,"Flexible Leathercraft +1,Speed Eating +1,Weakness Exploit +1"
Chatacabra A,Chatacabra Vambraces α,Arms,36,1,2,-3,-1,1,1,0,0,"Flexible Leathercraft +1,Item Prolonger +1,Wide-Range +1"
Chatacabra A,Chatacabra Coil α,Waist,36,1,2,-3,-1,1,1,0,0,"Flexible Leathercraft +1,Speed Eating +1,Item Prolonger +1"
Chatacabra A,Chatacabra Greaves α,Legs,36,1,2,-3,-1,1,0,0,0,"Flexible Leathercraft +1,Item Prolonger +1,Weakness Exploit +1"
Chatacabra B,Chatacabra Helm β,Head,36,1,2,-3,-1,1,2,0,0,"Buttery Leathercraft +1,Speed Eating +1"
Chatacabra B,Chatacabra Mail β,Chest,36,1,2,-3,-1,1,1,1,1,"Buttery Leathercraft +1,Speed Eating +1"
Chatacabra B,Chatacabra Vambraces β,Arms,36,1,2,-3,-1,1,2,0,0,"Buttery Leathercraft +1,Item Prolonger +1"
Chatacabra B,Chatacabra Coil β,Waist,36,1,2,-3,-1,1,1,1,0,"Buttery Leathercraft +1,Speed Eating +1"
Chatacabra B,Chatacabra Greaves β,Legs,36,1,2,-3,-1,1,1,0,0,"Buttery Leathercraft +1,Weakness Exploit +1"
Quematrice A,Quematrice Helm α,Head,36,2,-3,0,-1,0,1,0,0,"Scaling Prowess +1,Flinch Free +1,Latent Power +1"
Quematrice A,Quematrice Mail α,Chest,36,2,-3,0,-1,0,0,0,0,"Scaling Prowess +1,Fire Resistance +1,Latent Power +1"
Quematrice A,Quematrice Braces α,Arms,36,2,-3,0,-1,0,1,1,0,"Scaling Prowess +1,Flinch Free +1,Fire Resistance +1"
Quematrice A,Quematrice Coil α,Waist,36,2,-3,0,-1,0,0,0,0,"Scaling Prowess +1,Fire Resistance +1,Latent Power +1"
Quematrice A,Quematrice Greaves α,Legs,36,2,-3,0,-1,0,1,0,0,"Scaling Prowess +1,Flinch Free +1,Evade Extender +1"
Quematrice B,Quematrice Helm β,Head,36,2,-3,0,-1,0,2,0,0,"Scale Layering +1,Latent Power +1"
Quematrice B,Quematrice Mail β,Chest,36,2,-3,0,-1,0,1,0,0,"Scale Layering +1,Latent Power +1"
Quematrice B,Quematrice Braces β,Arms,36,2,-3,0,-1,0,2,1,0,"Scale Layering +1,Flinch Free +1"
Quematrice B,Quematrice Coil β,Waist,36,2,-3,0,-1,0,2,0,0,"Scale Layering +1,Fire Resistance +2"
Quematrice B,Quematrice Greaves β,Legs,36,2,-3,0,-1,0,1,1,1,"Scale Layering +1,Flinch Free +1"
Lala Barina A,Barina Headgear α,Head,36,-3,3,0,0,3,0,0,0,"Neopteron Alert +1,Paralysis Resistance +1,Foray +1"
Lala Barina A,Barina Mail α,Chest,36,-3,3,0,0,3,0,0,0,"Neopteron Alert +1,Recovery Up +2,Evade Window +1"
Lala Barina A,Barina Vambraces α,Arms,36,-3,3,0,0,3,0,0,0,"Neopteron Alert +1,Recovery Up +1,Foray +1"
Lala Barina A,Barina Coil α,Waist,36,-3,3,0,0,3,2,0,0,"Neopteron Alert +1,Paralysis Resistance +2"
Lala Barina A,Barina Greaves α,Legs,36,-3,3,0,0,3,0,0,0,"Neopteron Alert +1,Evade Window +1,Foray +1"
Lala Barina B,Barina Headgear β,Head,36,-3,3,0,0,3,1,0,0,"Neopteron Camouflage +1,Foray +1"
Lala Barina B,Barina Mail β,Chest,36,-3,3,0,0,3,1,0,0,"Neopteron Camouflage +1,Recovery Up +1,Evade Window +1"
Lala Barina B,Barina Vambraces β,Arms,36,-3,3,0,0,3,2,1,0,"Neopteron Camouflage +1,Recovery Up +1"
Lala Barina B,Barina Coil β,Waist,36,-3,3,0,0,3,2,1,0,"Neopteron Camouflage +1,Paralysis Resistance +1"
Lala Barina B,Barina Greaves β,Legs,36,-3,3,0,0,3,1,1,1,"Neopteron Camouflage +1,Evade Window +1"
Conga A,Conga Helm α,Head,36,-3,1,1,-1,2,1,0,0,"Fortifying Pelt +1,Intimidator +1,Free Meal +1"
Conga A,Conga Mail α,Chest,36,-3,1,1,-1,2,0,0,0,"Fortifying Pelt +1,Intimidator +2,Burst +1"
Conga A,Conga Vambraces α,Arms,36,-3,1,1,-1,2,0,0,0,"Fortifying Pelt +1,Mushroomancer +1,Speed Eating +1"
Conga A,Conga Coil α,Waist,36,-3,1,1,-1,2,1,0,0,"Fortifying Pelt +1,Mushroomancer +1,Free Meal +1"
Conga A,Conga Greaves α,Legs,36,-3,1,1,-1,2,0,0,0,"Fortifying Pelt +1,Mushroomancer +1,Burst +1"
Conga B,Conga Helm β,Head,36,-3,1,1,-1,2,2,0,0,"Alluring Pelt +1,Intimidator +1"
Conga B,Conga Mail β,Chest,36,-3,1,1,-1,2,1,1,1,"Alluring Pelt +1,Intimidator +2"
Conga B,Conga Vambraces β,Arms,36,-3,1,1,-1,2,1,0,0,"Alluring Pelt +1,Mushroomancer +1"
Conga B,Conga Coil β,Waist,36,-3,1,1,-1,2,2,0,0,"Alluring Pelt +1,Mushroomancer +1"
Conga B,Conga Greaves β,Legs,36,-3,1,1,-1,2,2,0,0,"Alluring Pelt +1,Burst +1"
Rompopolo A,Rompopolo Helm α,Head,36,0,-3,0,0,1,1,1,0,"Flexible Leathercraft +1,Wide-Range +2"
Rompopolo A,Rompopolo Mail α,Chest,36,0,-3,0,0,1,1,0,0,"Flexible Leathercraft +1,Poison Resistance +2,Wide-Range +1"
Rompopolo A,Rompopolo Vambraces α,Arms,36,0,-3,0,0,1,1,0,0,"Flexible Leathercraft +1,Poison Resistance +1,Earplugs +1"
Rompopolo A,Rompopolo Coil α,Waist,36,0,-3,0,0,1,0,0,0,"Flexible Leathercraft +1,Wide-Range +1,Foray +1"
Rompopolo A,Rompopolo Greaves α,Legs,36,0,-3,0,0,1,0,0,0,"Flexible Leathercraft +1,Wide-Range +2,Earplugs +1"
Rompopolo B,Rompopolo Helm β,Head,36,0,-3,0,0,1,2,1,0,"Buttery Leathercraft +1,Wide-Range +1"
Rompopolo B,Rompopolo Mail β,Chest,36,0,-3,0,0,1,2,0,0,"Buttery Leathercraft +1,Poison Resistance +2"
Rompopolo B,Rompopolo Vambraces β,Arms,36,0,-3,0,0,1,2,0,0,"Buttery Leathercraft +1,Earplugs +1"
Rompopolo B,Rompopolo Coil β,Waist,36,0,-3,0,0,1,1,0,0,"Buttery Leathercraft +1,Foray +1"
Rompopolo B,Rompopolo Greaves β,Legs,36,0,-3,0,0,1,2,0,0,"Buttery Leathercraft +1,Wide-Range +2"
Gypceros A,Gypceros Helm α,Head,36,-4,3,4,-1,1,1,0,0,"Flexible Leathercraft +1,Stamina Surge +1,Blindsider +1"
Gypceros A,Gypceros Mail α,Chest,36,-4,3,4,-1,1,1,0,0,"Flexible Leathercraft +1,Stamina Surge +1,Poison Resistance +1"
Gypceros A,Gypceros Vambraces α,Arms,36,-4,3,4,-1,1,0,0,0,"Flexible Leathercraft +1,Resentment +2,Poison Resistance +1"
Gypceros A,Gypceros Coil α,Waist,36,-4,3,4,-1,1,1,0,0,"Flexible Leathercraft +1,Stamina Surge +1,Resentment +1"
Gypceros A,Gypceros Greaves α,Legs,36,-4,3,4,-1,1,0,0,0,"Flexible Leathercraft +1,Resentment +1,Marathon Runner +2"
Gypceros B,Gypceros Helm β,Head,36,-4,3,4,-1,1,1,1,0,"Buttery Leathercraft +1,Stamina Surge +1"
Gypceros B,Gypceros Mail β,Chest,36,-4,3,4,-1,1,2,0,0,"Buttery Leathercraft +1,Stamina Surge +1"
Gypceros B,Gypceros Vambraces β,Arms,36,-4,3,4,-1,1,1,0,0,"Buttery Leathercraft +1,Resentment +2"
Gypceros B,Gypceros Coil β,Waist,36,-4,3,4,-1,1,2,1,0,"Buttery Leathercraft +1,Stamina Surge +1"
Gypceros B,Gypceros Greaves β,Legs,36,-4,3,4,-1,1,1,0,0,"Buttery Leathercraft +1,Resentment +1,Marathon Runner +1"
Nerscylla A,Nerscylla Helm α,Head,38,-2,2,-2,1,2,0,0,0,"Neopteron Alert +1,Bind Resistance +1,Poison Resistance +2"
Nerscylla A,Nerscylla Mail α,Chest,38,-2,2,-2,1,2,0,0,0,"Neopteron Alert +1,Ambush +1,Weakness Exploit +1"
Nerscylla A,Nerscylla Vambraces α,Arms,38,-2,2,-2,1,2,1,0,0,"Neopteron Alert +1,Ambush +1,Poison Resistance +1"
Nerscylla A,Nerscylla Coil α,Waist,38,-2,2,-2,1,2,0,0,0,"Neopteron Alert +1,Bind Resistance +1,Sleep Resistance +2"
Nerscylla A,Nerscylla Greaves α,Legs,38,-2,2,-2,1,2,1,0,0,"Neopteron Alert +1,Ambush +1,Sleep Resistance +1"
Nerscylla B,Nerscylla Helm β,Head,38,-2,2,-2,1,2,2,0,0,"Neopteron Camouflage +1,Bind Resistance +1"
Nerscylla B,Nerscylla Mail β,Chest,38,-2,2,-2,1,2,1,1,1,"Neopteron Camouflage +1,Ambush +1"
Nerscylla B,Nerscylla Vambraces β,Arms,38,-2,2,-2,1,2,2,0,0,"Neopteron Camouflage +1,Ambush +1"
Nerscylla B,Nerscylla Coil β,Waist,38,-2,2,-2,1,2,1,1,0,"Neopteron Camouflage +1,Bind Resistance +1"
Nerscylla B,Nerscylla Greaves β,Legs,38,-2,2,-2,1,2,2,1,0,"Neopteron Camouflage +1,Sleep Resistance +1"
Balahara A,Balahara Helm α,Head,38,-1,2,-3,1,1,1,0,0,"Scaling Prowess +1,Geologist +1,Evade Window +1"
Balahara A,Balahara Mail α,Chest,38,-1,2,-3,1,1,1,0,0,"Scaling Prowess +1,Geologist +1,Stamina Surge +1"
Balahara A,Balahara Vambraces α,Arms,38,-1,2,-3,1,1,0,0,0,"Scaling Prowess +1,Evade Extender +1,Stamina Surge +1"
Balahara A,Balahara Coil α,Waist,38,-1,2,-3,1,1,0,0,0,"Scaling Prowess +1,Evade Extender +1,Evade Window +1"
Balahara A,Balahara Greaves α,Legs,38,-1,2,-3,1,1,1,1,0,"Scaling Prowess +1,Evade Extender +1,Geologist +1"
Balahara B,Balahara Helm β,Head,38,-1,2,-3,1,1,2,0,0,"Scale Layering +1,Evade Window +1"
Balahara B,Balahara Mail β,Chest,38,-1,2,-3,1,1,1,1,1,"Scale Layering +1,Geologist +1"
Balahara B,Balahara Vambraces β,Arms,38,-1,2,-3,1,1,2,0,0,"Scale Layering +1,Evade Extender +1"
Balahara B,Balahara Coil β,Waist,38,-1,2,-3,1,1,1,1,0,"Scale Layering +1,Evade Window +1"
Balahara B,Balahara Greaves β,Legs,38,-1,2,-3,1,1,1,1,1,"Scale Layering +1,Evade Extender +1"
Hirabami A,Hirabami Headdress α,Head,38,-3,2,-2,3,0,0,0,0,"Scaling Prowess +1,Evade Window +1,Evade Extender +1"
Hirabami A,Hirabami Mail α,Chest,38,-3,2,-2,3,0,1,0,0,"Scaling Prowess +1,Ice Resistance +2,Evade Window +1"
Hirabami A,Hirabami Vambraces α,Arms,38,-3,2,-2,3,0,0,0,0,"Scaling Prowess +1,Evade Window +1,Peak Performance +1"
Hirabami A,Hirabami Coil α,Waist,38,-3,2,-2,3,0,0,0,0,"Scaling Prowess +1,Evade Window +2"
Hirabami A,Hirabami Greaves α,Legs,38,-3,2,-2,3,0,1,0,0,"Scaling Prowess +1,Ice Resistance +1,Peak Performance +1"
Hirabami B,Hirabami Headdress β,Head,38,-3,2,-2,3,0,1,1,0,"Scale Layering +1,Evade Window +1"
Hirabami B,Hirabami Mail β,Chest,38,-3,2,-2,3,0,2,0,0,"Scale Layering +1,Ice Resistance +1,Evade Window +1"
Hirabami B,Hirabami Vambraces β,Arms,38,-3,2,-2,3,0,1,1,0,"Scale Layering +1,Evade Window +1"
Hirabami B,Hirabami Coil β,Waist,38,-3,2,-2,3,0,2,0,0,"Scale Layering +1,Evade Window +1"
Hirabami B,Hirabami Greaves β,Legs,38,-3,2,-2,3,0,2,0,0,"Scale Layering +1,Peak Performance +1"
Rathian A,Rathian Helm α,Head,38,2,0,-2,0,-3,2,0,0,"Scaling Prowess +1,Divine Blessing +1,Recovery Speed +1"
Rathian A,Rathian Mail α,Chest,38,2,0,-2,0,-3,0,0,0,"Scaling Prowess +1,Foray +2"
Rathian A,Rathian Vambraces α,Arms,38,2,0,-2,0,-3,0,0,0,"Scaling Prowess +1,Foray +1,Divine Blessing +2"
Rathian A,Rathian Coil α,Waist,38,2,0,-2,0,-3,0,0,0,"Scaling Prowess +1,Foray +1,Tool Specialist +1"
Rathian A,Rathian Greaves α,Legs,38,2,0,-2,0,-3,0,0,0,"Scaling Prowess +1,Foray +1,Recovery Speed +2"
Rathian B,Rathian Helm β,Head,38,2,0,-2,0,-3,2,1,0,"Scale Layering +1,Divine Blessing +1"
Rathian B,Rathian Mail β,Chest,38,2,0,-2,0,-3,1,1,1,"Scale Layering +1,Foray +1"
Rathian B,Rathian Vambraces β,Arms,38,2,0,-2,0,-3,1,0,0,"Scale Layering +1,Foray +1,Divine Blessing +1"
Rathian B,Rathian Coil β,Waist,38,2,0,-2,0,-3,2,0,0,"Scale Layering +1,Foray +1"
Rathian B,Rathian Greaves β,Legs,38,2,0,-2,0,-3,1,0,0,"Scale Layering +1,Foray +1,Recovery Speed +1"
Ingot A,Ingot Helm α,Head,44,-2,0,3,-1,0,2,0,0,"Divine Blessing +2,Resentment +1"
Ingot A,Ingot Mail α,Chest,44,-2,0,3,-1,0,1,1,0,"Windproof +1,Resentment +1"
Ingot A,Ingot Vambraces α,Arms,44,-2,0,3,-1,0,2,0,0,"Stun Resistance +2,Resentment +1"
Ingot A,Ingot Coil α,Waist,44,-2,0,3,-1,0,1,1,1,"Divine Blessing +1,Resentment +1"
Ingot A,Ingot Greaves α,Legs,44,-2,0,3,-1,0,2,0,0,"Windproof +1,Resentment +1"
Guardian Seikret A,G. Seikret Coil α,Waist,44,0,0,4,0,-3,1,0,0,"Guardian's Pulse +1,Jump Master +1,Earplugs +2"
Guardian Seikret B,G. Seikret Coil β,Waist,44,0,0,4,0,-3,2,1,0,"Guardian's Protection +1,Jump Master +1,Earplugs +1"
Gajau A,Gajau Boots α,Legs,44,0,5,0,0,0,1,1,1,"Flexible Leathercraft +1,Water Resistance +1,Outdoorsman +1"
Guardian Fulgur A,G. Fulgur Helm α,Head,48,-1,-1,2,-3,-2,0,0,0,"Fulgur Anjanath's Will +1,Guardian's Pulse +1,Agitator +2,Coalescence +1"
Guardian Fulgur A,G. Fulgur Mail α,Chest,48,-1,-1,2,-3,-2,2,0,0,"Fulgur Anjanath's Will +1,Guardian's Pulse +1,Maximum Might +1,Coalescence +1"
Guardian Fulgur A,G. Fulgur Vambraces α,Arms,48,-1,-1,2,-3,-2,1,0,0,"Fulgur Anjanath's Will +1,Guardian's Pulse +1,Maximum Might +1,Agitator +1"
Guardian Fulgur A,G. Fulgur Coil α,Waist,48,-1,-1,2,-3,-2,1,1,0,"Fulgur Anjanath's Will +1,Guardian's Pulse +1,Stamina Surge +1,Maximum Might +1"
Guardian Fulgur A,G. Fulgur Greaves α,Legs,48,-1,-1,2,-3,-2,1,0,0,"Fulgur Anjanath's Will +1,Guardian's Pulse +1,Coalescence +1,Stamina Surge +2"
Guardian Fulgur B,G. Fulgur Helm β,Head,48,-1,-1,2,-3,-2,2,0,0,"Fulgur Anjanath's Will +1,Guardian's Protection +1,Agitator +2"
Guardian Fulgur B,G. Fulgur Mail β,Chest,48,-1,-1,2,-3,-2,2,1,1,"Fulgur Anjanath's Will +1,Guardian's Protection +1,Maximum Might +1"
Guardian Fulgur B,G. Fulgur Vambraces β,Arms,48,-1,-1,2,-3,-2,2,2,0,"Fulgur Anjanath's Will +1,Guardian's Protection +1,Maximum Might +1"
Guardian Fulgur B,G. Fulgur Coil β,Waist,48,-1,-1,2,-3,-2,2,2,0,"Fulgur Anjanath's Will +1,Guardian's Protection +1,Stamina Surge +1"
Guardian Fulgur B,G. Fulgur Greaves β,Legs,48,-1,-1,2,-3,-2,2,1,0,"Fulgur Anjanath's Will +1,Guardian's Protection +1,Coalescence +1,Stamina Surge +1"
Doshaguma A,Doshaguma Helm α,Head,48,-3,2,-1,-1,4,2,1,0,"Doshaguma's Might +1,Fortifying Pelt +1,Free Meal +2,Stun Resistance +1"
Doshaguma A,Doshaguma Mail α,Chest,48,-3,2,-1,-1,4,1,0,0,"Doshaguma's Might +1,Fortifying Pelt +1,Latent Power +1,Stamina Surge +1"
Doshaguma A,Doshaguma Braces α,Arms,48,-3,2,-1,-1,4,2,0,0,"Doshaguma's Might +1,Fortifying Pelt +1,Stun Resistance +2,Stamina Surge +1"
Doshaguma A,Doshaguma Coil α,Waist,48,-3,2,-1,-1,4,1,0,0,"Doshaguma's Might +1,Fortifying Pelt +1,Latent Power +2"
Doshaguma A,Doshaguma Greaves α,Legs,48,-3,2,-1,-1,4,2,1,0,"Doshaguma's Might +1,Fortifying Pelt +1,Free Meal +1,Recovery Up +2"
Doshaguma B,Doshaguma Helm β,Head,48,-3,2,-1,-1,4,2,1,1,"Doshaguma's Might +1,Alluring Pelt +1,Free Meal +1,Stun Resistance +1"
Doshaguma B,Doshaguma Mail β,Chest,48,-3,2,-1,-1,4,1,1,1,"Doshaguma's Might +1,Alluring Pelt +1,Latent Power +1"
Doshaguma B,Doshaguma Braces β,Arms,48,-3,2,-1,-1,4,2,1,0,"Doshaguma's Might +1,Alluring Pelt +1,Stun Resistance +1,Stamina Surge +1"
Doshaguma B,Doshaguma Coil β,Waist,48,-3,2,-1,-1,4,2,2,0,"Doshaguma's Might +1,Alluring Pelt +1,Latent Power +1"
Doshaguma B,Doshaguma Greaves β,Legs,48,-3,2,-1,-1,4,2,1,1,"Doshaguma's Might +1,Alluring Pelt +1,Free Meal +1,Recovery Up +1"
Guardian Doshaguma A,G. Doshaguma Helm α,Head,48,-3,2,-1,-2,2,2,1,0,"Doshaguma's Might +1,Guardian's Pulse +1,Heroics +1,Hunger Resistance +2"
Guardian Doshaguma A,G. Doshaguma Mail α,Chest,48,-3,2,-1,-2,2,2,1,0,"Doshaguma's Might +1,Guardian's Pulse +1,Constitution +2,Iron Skin +1"
Guardian Doshaguma A,G. Doshaguma Braces α,Arms,48,-3,2,-1,-2,2,1,1,1,"Doshaguma's Might +1,Guardian's Pulse +1,Heroics +1,Iron Skin +2"
Guardian Doshaguma A,G. Doshaguma Coil α,Waist,48,-3,2,-1,-2,2,2,0,0,"Doshaguma's Might +1,Guardian's Pulse +1,Heroics +2,Hunger Resistance +1"
Guardian Doshaguma A,G. Doshaguma Greaves α,Legs,48,-3,2,-1,-2,2,2,0,0,"Doshaguma's Might +1,Guardian's Pulse +1,Heroics +1,Constitution +2"
Guardian Doshaguma B,G. Doshaguma Helm β,Head,48,-3,2,-1,-2,2,2,2,1,"Doshaguma's Might +1,Guardian's Protection +1,Heroics +1"
Guardian Doshaguma B,G. Doshaguma Mail β,Chest,48,-3,2,-1,-2,2,2,2,0,"Doshaguma's Might +1,Guardian's Protection +1,Constitution +2"
Guardian Doshaguma B,G. Doshaguma Braces β,Arms,48,-3,2,-1,-2,2,2,2,1,"Doshaguma's Might +1,Guardian's Protection +1,Heroics +1"
Guardian Doshaguma B,G. Doshaguma Coil β,Waist,48,-3,2,-1,-2,2,2,1,0,"Doshaguma's Might +1,Guardian's Protection +1,Heroics +2"
Guardian Doshaguma B,G. Doshaguma Greaves β,Legs,48,-3,2,-1,-2,2,2,1,0,"Doshaguma's Might +1,Guardian's Protection +1,Heroics +1,Constitution +1"
Ajarakan A,Ajarakan Helm α,Head,48,3,-3,1,-2,0,1,0,0,"Fortifying Pelt +1,Resentment +2,Bombardier +1"
Ajarakan A,Ajarakan Mail α,Chest,48,3,-3,1,-2,0,1,0,0,"Fortifying Pelt +1,Resentment +2,Blast Resistance +1"
Ajarakan A,Ajarakan Vambraces α,Arms,48,3,-3,1,-2,0,2,0,0,"Fortifying Pelt +1,Partbreaker +1,Bombardier +2"
Ajarakan A,Ajarakan Coil α,Waist,48,3,-3,1,-2,0,1,0,0,"Fortifying Pelt +1,Partbreaker +2,Blast Resistance +2"
Ajarakan A,Ajarakan Greaves α,Legs,48,3,-3,1,-2,0,0,0,0,"Fortifying Pelt +1,Partbreaker +2,Resentment +1"
Ajarakan B,Ajarakan Helm β,Head,48,3,-3,1,-2,0,2,1,0,"Alluring Pelt +1,Resentment +1,Bombardier +1"
Ajarakan B,Ajarakan Mail β,Chest,48,3,-3,1,-2,0,2,0,0,"Alluring Pelt +1,Resentment +2"
Ajarakan B,Ajarakan Vambraces β,Arms,48,3,-3,1,-2,0,2,1,0,"Alluring Pelt +1,Partbreaker +1,Bombardier +1"
Ajarakan B,Ajarakan Coil β,Waist,48,3,-3,1,-2,0,2,0,0,"Alluring Pelt +1,Partbreaker +2,Blast Resistance +1"
Ajarakan B,Ajarakan Greaves β,Legs,48,3,-3,1,-2,0,1,1,0,"Alluring Pelt +1,Partbreaker +2"
Guardian Ebony A,G. Ebony Helm α,Head,48,-2,-3,-2,-2,4,0,0,0,"Ebony Odogaron's Power +1,Guardian's Pulse +1,Burst +2,Earplugs +1"
Guardian Ebony A,G. Ebony Mail α,Chest,48,-2,-3,-2,-2,4,2,0,0,"Ebony Odogaron's Power +1,Guardian's Pulse +1,Earplugs +1,Bleeding Resistance +2"
Guardian Ebony A,G. Ebony Braces α,Arms,48,-2,-3,-2,-2,4,0,0,0,"Ebony Odogaron's Power +1,Guardian's Pulse +1,Burst +2,Divine Blessing +1"
Guardian Ebony A,G. Ebony Coil α,Waist,48,-2,-3,-2,-2,4,2,0,0,"Ebony Odogaron's Power +1,Guardian's Pulse +1,Burst +1,Bleeding Resistance +1"
Guardian Ebony A,G. Ebony Greaves α,Legs,48,-2,-3,-2,-2,4,2,0,0,"Ebony Odogaron's Power +1,Guardian's Pulse +1,Earplugs +1,Divine Blessing +2"
Guardian Ebony B,G. Ebony Helm β,Head,48,-2,-3,-2,-2,4,2,0,0,"Ebony Odogaron's Power +1,Guardian's Protection +1,Burst +2"
Guardian Ebony B,G. Ebony Mail β,Chest,48,-2,-3,-2,-2,4,2,2,0,"Ebony Odogaron's Power +1,Guardian's Protection +1,Earplugs +1"
Guardian Ebony B,G. Ebony Braces β,Arms,48,-2,-3,-2,-2,4,2,1,0,"Ebony Odogaron's Power +1,Guardian's Protection +1,Burst +1,Divine Blessing +1"
Guardian Ebony B,G. Ebony Coil β,Waist,48,-2,-3,-2,-2,4,2,1,0,"Ebony Odogaron's Power +1,Guardian's Protection +1,Burst +1"
Guardian Ebony B,G. Ebony Greaves β,Legs,48,-2,-3,-2,-2,4,2,1,0,"Ebony Odogaron's Power +1,Guardian's Protection +1,Earplugs +1,Divine Blessing +1"
Xu Wu A,Xu Wu Helm α,Head,48,1,1,1,-3,2,1,0,0,"Xu Wu's Vigor +1,Flexible Leathercraft +1,Adrenaline Rush +2,Ambush +1"
Xu Wu A,Xu Wu Mail α,Chest,48,1,1,1,-3,2,0,0,0,"Xu Wu's Vigor +1,Flexible Leathercraft +1,Heroics +3,Ambush +1"
Xu Wu A,Xu Wu Vambraces α,Arms,48,1,1,1,-3,2,2,1,0,"Xu Wu's Vigor +1,Flexible Leathercraft +1,Earplugs +2"
Xu Wu A,Xu Wu Coil α,Waist,48,1,1,1,-3,2,2,0,0,"Xu Wu's Vigor +1,Flexible Leathercraft +1,Earplugs +1,Heroics +2"
Xu Wu A,Xu Wu Greaves α,Legs,48,1,1,1,-3,2,2,1,0,"Xu Wu's Vigor +1,Flexible Leathercraft +1,Adrenaline Rush +1,Ambush +1"
Xu Wu B,Xu Wu Helm β,Head,48,1,1,1,-3,2,2,1,0,"Xu Wu's Vigor +1,Buttery Leathercraft +1,Adrenaline Rush +2"
Xu Wu B,Xu Wu Mail β,Chest,48,1,1,1,-3,2,1,1,0,"Xu Wu's Vigor +1,Buttery Leathercraft +1,Heroics +3"
Xu Wu B,Xu Wu Vambraces β,Arms,48,1,1,1,-3,2,2,2,1,"Xu Wu's Vigor +1,Buttery Leathercraft +1,Earplugs +1"
Xu Wu B,Xu Wu Coil β,Waist,48,1,1,1,-3,2,2,1,1,"Xu Wu's Vigor +1,Buttery Leathercraft +1,Earplugs +1,Heroics +1"
Xu Wu B,Xu Wu Greaves β,Legs,48,1,1,1,-3,2,2,2,1,"Xu Wu's Vigor +1,Buttery Leathercraft +1,Adrenaline Rush +1"
Rathalos A,Rathalos Helm α,Head,48,3,1,-2,1,-3,1,1,0,"Rathalos's Flare +1,Scaling Prowess +1,Evade Window +2,Constitution +1"
Rathalos A,Rathalos Mail α,Chest,48,3,1,-2,1,-3,1,0,0,"Rathalos's Flare +1,Scaling Prowess +1,Adrenaline Rush +2,Constitution +1"
Rathalos A,Rathalos Vambraces α,Arms,48,3,1,-2,1,-3,1,1,0,"Rathalos's Flare +1,Scaling Prowess +1,Constitution +2,Evade Window +1"
Rathalos A,Rathalos Coil α,Waist,48,3,1,-2,1,-3,0,0,0,"Rathalos's Flare +1,Scaling Prowess +1,Adrenaline Rush +2,Evade Window +1"
Rathalos A,Rathalos Greaves α,Legs,48,3,1,-2,1,-3,2,0,0,"Rathalos's Flare +1,Scaling Prowess +1,Evade Window +2,Adrenaline Rush +1"
Rathalos B,Rathalos Helm β,Head,48,3,1,-2,1,-3,2,2,0,"Rathalos's Flare +1,Scale Layering +1,Evade Window +1,Constitution +1"
Rathalos B,Rathalos Mail β,Chest,48,3,1,-2,1,-3,1,1,0,"Rathalos's Flare +1,Scale Layering +1,Adrenaline Rush +2"
Rathalos B,Rathalos Vambraces β,Arms,48,3,1,-2,1,-3,2,1,1,"Rathalos's Flare +1,Scale Layering +1,Constitution +2"
Rathalos B,Rathalos Coil β,Waist,48,3,1,-2,1,-3,2,0,0,"Rathalos's Flare +1,Scale Layering +1,Adrenaline Rush +2"
Rathalos B,Rathalos Greaves β,Legs,48,3,1,-2,1,-3,2,2,1,"Rathalos's Flare +1,Scale Layering +1,Evade Window +2"
Guardian Rathalos A,G. Rathalos Helm α,Head,48,3,1,-2,1,-5,1,1,0,"Rathalos's Flare +1,Guardian's Pulse +1,Weakness Exploit +1,Survival Expert +2"
Guardian Rathalos A,G. Rathalos Mail α,Chest,48,3,1,-2,1,-5,1,0,0,"Rathalos's Flare +1,Guardian's Pulse +1,Weakness Exploit +1,Intimidator +2"
Guardian Rathalos A,G. Rathalos Vambraces α,Arms,48,3,1,-2,1,-5,2,0,0,"Rathalos's Flare +1,Guardian's Pulse +1,Weakness Exploit +1,Intimidator +1,Survival Expert +1"
Guardian Rathalos A,G. Rathalos Coil α,Waist,48,3,1,-2,1,-5,1,1,0,"Rathalos's Flare +1,Guardian's Pulse +1,Weakness Exploit +1,Windproof +1"
Guardian Rathalos A,G. Rathalos Greaves α,Legs,48,3,1,-2,1,-5,1,0,0,"Rathalos's Flare +1,Guardian's Pulse +1,Weakness Exploit +1,Windproof +2"
Guardian Rathalos B,G. Rathalos Helm β,Head,48,3,1,-2,1,-5,2,2,0,"Rathalos's Flare +1,Guardian's Protection +1,Weakness Exploit +1"
Guardian Rathalos B,G. Rathalos Mail β,Chest,48,3,1,-2,1,-5,2,0,0,"Rathalos's Flare +1,Guardian's Protection +1,Weakness Exploit +1,Intimidator +1"
Guardian Rathalos B,G. Rathalos Vambraces β,Arms,48,3,1,-2,1,-5,2,1,1,"Rathalos's Flare +1,Guardian's Protection +1,Weakness Exploit +1"
Guardian Rathalos B,G. Rathalos Coil β,Waist,48,3,1,-2,1,-5,2,2,1,"Rathalos's Flare +1,Guardian's Protection +1,Windproof +1"
Guardian Rathalos B,G. Rathalos Greaves β,Legs,48,3,1,-2,1,-5,2,0,0,"Rathalos's Flare +1,Guardian's Protection +1,Weakness Exploit +1,Windproof +1"
Gravios A,Gravios Helm α,Head,52,4,-3,1,0,-2,2,1,0,"Gravios's Protection +1,Scaling Prowess +1,Peak Performance +1,Tremor Resistance +1"
Gravios A,Gravios Mail α,Chest,52,4,-3,1,0,-2,2,1,0,"Gravios's Protection +1,Scaling Prowess +1,Peak Performance +1,Recovery Speed +2"
Gravios A,Gravios Vambraces α,Arms,52,4,-3,1,0,-2,1,0,0,"Gravios's Protection +1,Scaling Prowess +1,Peak Performance +2,Flinch Free +1"
Gravios A,Gravios Coil α,Waist,52,4,-3,1,0,-2,2,0,0,"Gravios's Protection +1,Scaling Prowess +1,Peak Performance +1,Flinch Free +2"
Gravios A,Gravios Greaves α,Legs,52,4,-3,1,0,-2,2,1,0,"Gravios's Protection +1,Scaling Prowess +1,Tremor Resistance +2,Recovery Speed +1"
Gravios B,Gravios Helm β,Head,52,4,-3,1,0,-2,2,2,0,"Gravios's Protection +1,Scale Layering +1,Peak Performance +1"
Gravios B,Gravios Mail β,Chest,52,4,-3,1,0,-2,2,2,0,"Gravios's Protection +1,Scale Layering +1,Peak Performance +1,Recovery Speed +1"
Gravios B,Gravios Vambraces β,Arms,52,4,-3,1,0,-2,2,0,0,"Gravios's Protection +1,Scale Layering +1,Peak Performance +2"
Gravios B,Gravios Coil β,Waist,52,4,-3,1,0,-2,2,1,0,"Gravios's Protection +1,Scale Layering +1,Peak Performance +1,Flinch Free +1"
Gravios B,Gravios Greaves β,Legs,52,4,-3,1,0,-2,2,2,0,"Gravios's Protection +1,Scale Layering +1,Tremor Resistance +1,Recovery Speed +1"
Blango A,Blango Helm α,Head,48,-4,1,0,4,0,1,1,0,"Blangonga's Spirit +1,Fortifying Pelt +1,Wide-Range +2,Counterstrike +1"
Blango A,Blango Mail α,Chest,48,-4,1,0,4,0,0,0,0,"Blangonga's Spirit +1,Fortifying Pelt +1,Agitator +2,Item Prolonger +2"
Blango A,Blango Vambraces α,Arms,48,-4,1,0,4,0,2,0,0,"Blangonga's Spirit +1,Fortifying Pelt +1,Counterstrike +1,Palico Rally +2"
Blango A,Blango Coil α,Waist,48,-4,1,0,4,0,1,0,0,"Blangonga's Spirit +1,Fortifying Pelt +1,Agitator +2,Wide-Range +1"
Blango A,Blango Greaves α,Legs,48,-4,1,0,4,0,1,1,0,"Blangonga's Spirit +1,Fortifying Pelt +1,Agitator +1,Counterstrike +1"
Blango B,Blango Helm β,Head,48,-4,1,0,4,0,2,1,1,"Blangonga's Spirit +1,Alluring Pelt +1,Wide-Range +2"
Blango B,Blango Mail β,Chest,48,-4,1,0,4,0,2,0,0,"Blangonga's Spirit +1,Alluring Pelt +1,Agitator +2"
Blango B,Blango Vambraces β,Arms,48,-4,1,0,4,0,2,2,0,"Blangonga's Spirit +1,Alluring Pelt +1,Counterstrike +1"
Blango B,Blango Coil β,Waist,48,-4,1,0,4,0,1,1,0,"Blangonga's Spirit +1,Alluring Pelt +1,Agitator +2"
Blango B,Blango Greaves β,Legs,48,-4,1,0,4,0,2,2,0,"Blangonga's Spirit +1,Alluring Pelt +1,Agitator +1"
Commission A,Commission Helm α,Head,44,2,2,0,0,0,1,0,0,"Agitator +1,Maximum Might +1"
Commission A,Commission Mail α,Chest,44,2,2,0,0,0,1,0,0,"Agitator +1,Divine Blessing +2"
Commission A,Commission Vambraces α,Arms,44,2,2,0,0,0,1,0,0,"Agitator +1,Quick Sheathe +2"
Commission A,Commission Coil α,Waist,44,2,2,0,0,0,1,0,0,"Agitator +1,Tool Specialist +1"
Commission A,Commission Greaves α,Legs,44,2,2,0,0,0,1,0,0,"Agitator +1,Earplugs +1"
Kunafa A,Kunafa Headgear α,Head,44,1,1,4,1,1,2,0,0,"Imparted Wisdom +1,Wide-Range +2,Palico Rally +1"
Kunafa A,Kunafa Cloak α,Chest,44,1,1,4,1,1,2,0,0,"Imparted Wisdom +1,Free Meal +2,Palico Rally +1"
Kunafa A,Kunafa Sash α,Waist,44,1,1,4,1,1,2,0,0,"Imparted Wisdom +1,Speed Eating +2,Palico Rally +1"
Kunafa A,Kunafa Chaps α,Legs,44,1,1,4,1,1,2,0,0,"Imparted Wisdom +1,Wide-Range +2,Palico Rally +1"
Azuz A,Azuz Headdress α,Head,44,4,1,1,1,1,2,0,0,"Imparted Wisdom +1,Maximum Might +2"
Azuz A,Azuz Apron α,Chest,44,4,1,1,1,1,1,1,0,"Imparted Wisdom +1,Heroics +3"
Azuz A,Azuz Pants α,Legs,44,4,1,1,1,1,2,1,1,"Imparted Wisdom +1,Geologist +3"
Suja A,Suja Sash α,Waist,44,1,1,1,4,1,2,1,1,"Imparted Wisdom +1,Divine Blessing +3"
Sild A,Sild Hood α,Head,44,1,1,1,1,4,2,1,1,"Imparted Wisdom +1,Botanist +3"
Sild A,Sild Coat α,Chest,44,1,1,1,1,4,2,0,0,"Imparted Wisdom +1,Wide-Range +4"
Death Stench A,Death Stench Brain α,Head,44,3,2,-2,3,4,2,0,0,"Imparted Wisdom +1,Resentment +1,Ambush +1"
Death Stench A,Death Stench Muscle α,Chest,44,3,2,-2,3,4,2,0,0,"Imparted Wisdom +1,Resentment +1,Ambush +1"
Death Stench A,Death Stench Grip α,Arms,44,3,2,-2,3,4,2,0,0,"Imparted Wisdom +1,Resentment +1,Ambush +1"
Death Stench A,Death Stench Bowels α,Waist,44,3,2,-2,3,4,2,1,0,"Imparted Wisdom +1,Resentment +1,Intimidator +2"
Death Stench A,Death Stench Heel α,Legs,44,3,2,-2,3,4,2,1,0,"Imparted Wisdom +1,Resentment +1,Stun Resistance +2"
Butterfly A,Butterfly Vertex α,Head,44,-1,-1,2,0,2,2,0,0,"Imparted Wisdom +1,Constitution +1,Evade Window +1,Evade Extender +1"
Butterfly A,Butterfly Thorax α,Chest,44,-1,-1,2,0,2,2,0,0,"Imparted Wisdom +1,Constitution +1,Evade Window +1,Evade Extender +1"
Butterfly A,Butterfly Brachia α,Arms,44,-1,-1,2,0,2,2,0,0,"Imparted Wisdom +1,Constitution +1,Evade Window +1,Recovery Speed +2"
Butterfly A,Butterfly Elytra α,Waist,44,-1,-1,2,0,2,2,0,0,"Imparted Wisdom +1,Constitution +1,Evade Window +1,Evade Extender +1"
Butterfly A,Butterfly Crura α,Legs,44,-1,-1,2,0,2,2,0,0,"Imparted Wisdom +1,Constitution +1,Evade Window +1,Recovery Up +2"
King Beetle A,King Beetle Vertex α,Head,44,-1,-1,2,0,2,2,0,0,"Imparted Wisdom +1,Heroics +1,Foray +1,Sleep Resistance +1"
King Beetle A,King Beetle Thorax α,Chest,44,-1,-1,2,0,2,2,0,0,"Imparted Wisdom +1,Heroics +1,Foray +1,Paralysis Resistance +1"
King Beetle A,King Beetle Brachia α,Arms,44,-1,-1,2,0,2,2,0,0,"Imparted Wisdom +1,Heroics +1,Foray +1,Poison Resistance +1"
King Beetle A,King Beetle Elytra α,Waist,44,-1,-1,2,0,2,2,0,0,"Imparted Wisdom +1,Heroics +1,Flayer +1,Paralysis Resistance +1"
King Beetle A,King Beetle Crura α,Legs,44,-1,-1,2,0,2,2,0,0,"Imparted Wisdom +1,Heroics +1,Flayer +1,Poison Resistance +1"
High Metal A,High Metal Helm α,Head,44,0,-1,-2,3,0,2,0,0,"Imparted Wisdom +1,Stun Resistance +3,Partbreaker +1"
High Metal A,High Metal Mail α,Chest,44,0,-1,-2,3,0,2,0,0,"Imparted Wisdom +1,Iron Skin +3,Partbreaker +1"
High Metal A,High Metal Braces α,Arms,44,0,-1,-2,3,0,2,0,0,"Imparted Wisdom +1,Blast Resistance +3,Partbreaker +1"
High Metal A,High Metal Coil α,Waist,44,0,-1,-2,3,0,2,0,0,"Imparted Wisdom +1,Bombardier +3,Aquatic/Oilsilt Mobility +2"
High Metal A,High Metal Greaves α,Legs,44,0,-1,-2,3,0,2,0,0,"Imparted Wisdom +1,Flinch Free +3,Bleeding Resistance +3"
Battle A,Battle Helm α,Head,44,2,-1,-1,0,0,2,0,0,"Imparted Wisdom +1,Stamina Surge +2"
Battle A,Battle Mail α,Chest,44,2,-1,-1,0,0,2,0,0,"Imparted Wisdom +1,Hunger Resistance +3,Sleep Resistance +2"
Battle A,Battle Vambraces α,Arms,44,2,-1,-1,0,0,2,0,0,"Imparted Wisdom +1,Free Meal +3"
Battle A,Battle Coil α,Waist,44,2,-1,-1,0,0,2,0,0,"Imparted Wisdom +1,Item Prolonger +3,Bind Resistance +2"
Battle A,Battle Greaves α,Legs,44,2,-1,-1,0,0,2,0,0,"Imparted Wisdom +1,Marathon Runner +3,Constitution +2"
Melahoa A,Melahoa Hat α,Head,44,0,1,3,0,0,2,0,0,"Imparted Wisdom +1,Survival Expert +3,Poison Resistance +2"
Melahoa A,Melahoa Jacket α,Chest,44,0,1,3,0,0,2,0,0,"Imparted Wisdom +1,Tool Specialist +3"
Melahoa A,Melahoa Branch α,Arms,44,0,1,3,0,0,2,0,0,"Imparted Wisdom +1,Recovery Speed +3,Paralysis Resistance +2"
Melahoa A,Melahoa Folia α,Waist,44,0,1,3,0,0,2,0,0,"Imparted Wisdom +1,Recovery Up +3,Bleeding Resistance +2"
Melahoa A,Melahoa Roots α,Legs,44,0,1,3,0,0,2,0,0,"Imparted Wisdom +1,Mushroomancer +3"
Artian A,Artian Helm α,Head,44,1,-2,-2,2,3,2,1,0,"Guardian's Protection +1,Flayer +1,Earplugs +1"
Artian A,Artian Mail α,Chest,44,1,-2,-2,2,3,2,1,1,"Guardian's Protection +1,Flayer +1,Adaptability +1"
Artian A,Artian Vambraces α,Arms,44,1,-2,-2,2,3,2,0,0,"Guardian's Protection +1,Flayer +1,Blight Resistance +2"
Artian A,Artian Coil α,Waist,44,1,-2,-2,2,3,2,0,0,"Guardian's Protection +1,Flayer +1,Windproof +2"
Artian A,Artian Greaves α,Legs,44,1,-2,-2,2,3,2,0,0,"Guardian's Protection +1,Flayer +1,Tremor Resistance +2"
Dober A,Dober Helm α,Head,56,-2,0,-1,-1,4,3,0,0,"Constitution +1,Stamina Surge +1"
Dober A,Dober Mail α,Chest,56,-2,0,-1,-1,4,3,2,0,"Constitution +1,Marathon Runner +1"
Dober A,Dober Vambraces α,Arms,56,-2,0,-1,-1,4,3,0,0,"Constitution +1,Stamina Surge +2"
Dober A,Dober Coil α,Waist,56,-2,0,-1,-1,4,3,1,0,"Constitution +1,Marathon Runner +2"
Dober A,Dober Greaves α,Legs,56,-2,0,-1,-1,4,2,2,0,"Constitution +1,Mushroomancer +2"
Damascus A,Damascus Helm α,Head,56,4,-2,0,0,0,3,1,0,"Wide-Range +1,Divine Blessing +2"
Damascus A,Damascus Mail α,Chest,56,4,-2,0,0,0,2,2,0,"Wide-Range +1,Recovery Up +2"
Damascus A,Damascus Vambraces α,Arms,56,4,-2,0,0,0,3,1,0,"Wide-Range +1,Divine Blessing +1"
Damascus A,Damascus Coil α,Waist,56,4,-2,0,0,0,3,2,0,"Wide-Range +1,Recovery Up +1"
Damascus A,Damascus Greaves α,Legs,56,4,-2,0,0,0,3,0,0,"Wide-Range +1,Item Prolonger +2"
Dahaad A,Dahaad Shardhelm α,Head,60,-3,2,-1,2,-1,1,0,0,"Jin Dahaad's Revolt +1,Lord's Favor +1,Agitator +1,Weakness Exploit +1"
Dahaad A,Dahaad Shardmail α,Chest,60,-3,2,-1,2,-1,3,1,0,"Jin Dahaad's Revolt +1,Lord's Favor +1,Adaptability +1,Bind Resistance +2"
Dahaad A,Dahaad Shardbraces α,Arms,60,-3,2,-1,2,-1,0,0,0,"Jin Dahaad's Revolt +1,Lord's Favor +1,Agitator +2,Adaptability +1"
Dahaad A,Dahaad Shardcoil α,Waist,60,-3,2,-1,2,-1,1,1,0,"Jin Dahaad's Revolt +1,Lord's Favor +1,Weakness Exploit +1,Tremor Resistance +2"
Dahaad A,Dahaad Shardgreaves α,Legs,60,-3,2,-1,2,-1,1,0,0,"Jin Dahaad's Revolt +1,Lord's Favor +1,Agitator +2,Tremor Resistance +1"
Dahaad B,Dahaad Shardhelm β,Head,60,-3,2,-1,2,-1,2,2,0,"Jin Dahaad's Revolt +1,Lord's Fury +1,Agitator +1"
Dahaad B,Dahaad Shardmail β,Chest,60,-3,2,-1,2,-1,3,2,0,"Jin Dahaad's Revolt +1,Lord's Fury +1,Adaptability +1,Bind Resistance +1"
Dahaad B,Dahaad Shardbraces β,Arms,60,-3,2,-1,2,-1,3,0,0,"Jin Dahaad's Revolt +1,Lord's Fury +1,Agitator +1,Adaptability +1"
Dahaad B,Dahaad Shardcoil β,Waist,60,-3,2,-1,2,-1,1,1,1,"Jin Dahaad's Revolt +1,Lord's Fury +1,Weakness Exploit +1,Tremor Resistance +1"
Dahaad B,Dahaad Shardgreaves β,Legs,60,-3,2,-1,2,-1,2,0,0,"Jin Dahaad's Revolt +1,Lord's Fury +1,Agitator +2"
Uth Duna A,Duna Wildhelm α,Head,60,-1,4,-3,0,0,2,1,0,"Uth Duna's Cover +1,Lord's Favor +1,Tool Specialist +2,Earplugs +1"
Uth Duna A,Duna Wildmail α,Chest,60,-1,4,-3,0,0,3,0,0,"Uth Duna's Cover +1,Lord's Favor +1,Tool Specialist +2,Aquatic/Oilsilt Mobility +1"
Uth Duna A,Duna Wildbraces α,Arms,60,-1,4,-3,0,0,2,1,0,"Uth Duna's Cover +1,Lord's Favor +1,Peak Performance +2,Quick Sheathe +1"
Uth Duna A,Duna Wildcoil α,Waist,60,-1,4,-3,0,0,2,1,0,"Uth Duna's Cover +1,Lord's Favor +1,Peak Performance +2,Aquatic/Oilsilt Mobility +1"
Uth Duna A,Duna Wildgreaves α,Legs,60,-1,4,-3,0,0,3,0,0,"Uth Duna's Cover +1,Lord's Favor +1,Peak Performance +1,Tool Specialist +1"
Uth Duna B,Duna Wildhelm β,Head,60,-1,4,-3,0,0,3,2,0,"Uth Duna's Cover +1,Lord's Fury +1,Tool Specialist +1,Earplugs +1"
Uth Duna B,Duna Wildmail β,Chest,60,-1,4,-3,0,0,3,1,0,"Uth Duna's Cover +1,Lord's Fury +1,Tool Specialist +2"
Uth Duna B,Duna Wildbraces β,Arms,60,-1,4,-3,0,0,3,1,1,"Uth Duna's Cover +1,Lord's Fury +1,Peak Performance +1,Quick Sheathe +1"
Uth Duna B,Duna Wildcoil β,Waist,60,-1,4,-3,0,0,3,1,0,"Uth Duna's Cover +1,Lord's Fury +1,Peak Performance +2"
Uth Duna B,Duna Wildgreaves β,Legs,60,-1,4,-3,0,0,3,1,1,"Uth Duna's Cover +1,Lord's Fury +1,Peak Performance +1"
Rey Dau A,Rey Sandhelm α,Head,60,0,-2,4,-3,0,0,0,0,"Rey Dau's Voltage +1,Lord's Favor +1,Latent Power +2,Evade Extender +1"
Rey Dau A,Rey Sandmail α,Chest,60,0,-2,4,-3,0,1,1,0,"Rey Dau's Voltage +1,Lord's Favor +1,Maximum Might +2,Stamina Surge +1"
Rey Dau A,Rey Sandbraces α,Arms,60,0,-2,4,-3,0,2,0,0,"Rey Dau's Voltage +1,Lord's Favor +1,Latent Power +2,Stun Resistance +1"
Rey Dau A,Rey Sandcoil α,Waist,60,0,-2,4,-3,0,2,0,0,"Rey Dau's Voltage +1,Lord's Favor +1,Stamina Surge +2,Stun Resistance +2"
Rey Dau A,Rey Sandgreaves α,Legs,60,0,-2,4,-3,0,3,0,0,"Rey Dau's Voltage +1,Lord's Favor +1,Latent Power +1,Maximum Might +1"
Rey Dau B,Rey Sandhelm β,Head,60,0,-2,4,-3,0,3,0,0,"Rey Dau's Voltage +1,Lord's Fury +1,Latent Power +1,Evade Extender +1"
Rey Dau B,Rey Sandmail β,Chest,60,0,-2,4,-3,0,2,1,1,"Rey Dau's Voltage +1,Lord's Fury +1,Maximum Might +1,Stamina Surge +1"
Rey Dau B,Rey Sandbraces β,Arms,60,0,-2,4,-3,0,3,0,0,"Rey Dau's Voltage +1,Lord's Fury +1,Latent Power +2"
Rey Dau B,Rey Sandcoil β,Waist,60,0,-2,4,-3,0,3,1,0,"Rey Dau's Voltage +1,Lord's Fury +1,Stamina Surge +1,Stun Resistance +2"
Rey Dau B,Rey Sandgreaves β,Legs,60,0,-2,4,-3,0,3,1,1,"Rey Dau's Voltage +1,Lord's Fury +1,Latent Power +1"
Nu Udra A,Udra Mirehelm α,Head,60,5,-4,0,1,0,1,1,0,"Nu Udra's Mutiny +1,Lord's Favor +1,Resentment +2,Counterstrike +1"
Nu Udra A,Udra Miremail α,Chest,60,5,-4,0,1,0,1,1,0,"Nu Udra's Mutiny +1,Lord's Favor +1,Resentment +1,Burst +1"
Nu Udra A,Udra Mirebraces α,Arms,60,5,-4,0,1,0,2,0,0,"Nu Udra's Mutiny +1,Lord's Favor +1,Speed Eating +2,Counterstrike +2"
Nu Udra A,Udra Mirecoil α,Waist,60,5,-4,0,1,0,2,0,0,"Nu Udra's Mutiny +1,Lord's Favor +1,Resentment +2,Speed Eating +1"
Nu Udra A,Udra Miregreaves α,Legs,60,5,-4,0,1,0,3,0,0,"Nu Udra's Mutiny +1,Lord's Favor +1,Burst +1,Windproof +2"
Nu Udra B,Udra Mirehelm β,Head,60,5,-4,0,1,0,2,2,0,"Nu Udra's Mutiny +1,Lord's Fury +1,Resentment +1,Counterstrike +1"
Nu Udra B,Udra Miremail β,Chest,60,5,-4,0,1,0,3,1,1,"Nu Udra's Mutiny +1,Lord's Fury +1,Resentment +1"
Nu Udra B,Udra Mirebraces β,Arms,60,5,-4,0,1,0,3,1,0,"Nu Udra's Mutiny +1,Lord's Fury +1,Speed Eating +2,Counterstrike +1"
Nu Udra B,Udra Mirecoil β,Waist,60,5,-4,0,1,0,3,0,0,"Nu Udra's Mutiny +1,Lord's Fury +1,Resentment +2"
Nu Udra B,Udra Miregreaves β,Legs,60,5,-4,0,1,0,3,1,0,"Nu Udra's Mutiny +1,Lord's Fury +1,Burst +1,Windproof +1"
Gore A,Gore Helm α,Head,60,-2,3,-1,2,-1,2,0,0,"Gore Magala's Tyranny +1,Scaling Prowess +1,Evade Window +2,Coalescence +1"
Gore A,Gore Mail α,Chest,60,-2,3,-1,2,-1,3,0,0,"Gore Magala's Tyranny +1,Scaling Prowess +1,Evade Window +2,Antivirus +1"
Gore A,Gore Vambraces α,Arms,60,-2,3,-1,2,-1,2,1,0,"Gore Magala's Tyranny +1,Scaling Prowess +1,Evade Window +1,Constitution +2"
Gore A,Gore Coil α,Waist,60,-2,3,-1,2,-1,3,1,0,"Gore Magala's Tyranny +1,Scaling Prowess +1,Constitution +2,Antivirus +1"
Gore A,Gore Greaves α,Legs,60,-2,3,-1,2,-1,3,1,0,"Gore Magala's Tyranny +1,Scaling Prowess +1,Antivirus +1,Flinch Free +2"
Gore B,Gore Helm β,Head,60,-2,3,-1,2,-1,3,1,0,"Gore Magala's Tyranny +1,Scale Layering +1,Evade Window +1,Coalescence +1"
Gore B,Gore Mail β,Chest,60,-2,3,-1,2,-1,3,1,0,"Gore Magala's Tyranny +1,Scale Layering +1,Evade Window +2"
Gore B,Gore Vambraces β,Arms,60,-2,3,-1,2,-1,2,2,0,"Gore Magala's Tyranny +1,Scale Layering +1,Evade Window +1,Constitution +1"
Gore B,Gore Coil β,Waist,60,-2,3,-1,2,-1,3,2,0,"Gore Magala's Tyranny +1,Scale Layering +1,Constitution +2"
Gore B,Gore Greaves β,Legs,60,-2,3,-1,2,-1,3,1,1,"Gore Magala's Tyranny +1,Scale Layering +1,Antivirus +1,Flinch Free +1"
Arkveld A,Arkvulcan Helm α,Head,66,2,0,-1,0,-3,0,0,0,"Arkveld's Hunger +1,Fortifying Pelt +1,Convert Element +1,Elemental Absorption +2"
Arkveld A,Arkvulcan Mail α,Chest,66,2,0,-1,0,-3,2,0,0,"Arkveld's Hunger +1,Fortifying Pelt +1,Weakness Exploit +1,Elemental Absorption +1"
Arkveld A,Arkvulcan Vambraces α,Arms,66,2,0,-1,0,-3,2,2,0,"Arkveld's Hunger +1,Fortifying Pelt +1,Convert Element +1,Recovery Speed +1"
Arkveld A,Arkvulcan Coil α,Waist,66,2,0,-1,0,-3,1,0,0,"Arkveld's Hunger +1,Fortifying Pelt +1,Weakness Exploit +2,Recovery Speed +2"
Arkveld A,Arkvulcan Greaves α,Legs,66,2,0,-1,0,-3,2,1,0,"Arkveld's Hunger +1,Fortifying Pelt +1,Convert Element +1,Quick Sheathe +2"
Arkveld B,Arkvulcan Helm β,Head,66,2,0,-1,0,-3,3,2,1,"Arkveld's Hunger +1,Alluring Pelt +1,Convert Element +1"
Arkveld B,Arkvulcan Mail β,Chest,66,2,0,-1,0,-3,3,2,0,"Arkveld's Hunger +1,Alluring Pelt +1,Weakness Exploit +1"
Arkveld B,Arkvulcan Vambraces β,Arms,66,2,0,-1,0,-3,2,2,1,"Arkveld's Hunger +1,Alluring Pelt +1,Convert Element +1"
Arkveld B,Arkvulcan Coil β,Waist,66,2,0,-1,0,-3,1,1,0,"Arkveld's Hunger +1,Alluring Pelt +1,Weakness Exploit +2,Recovery Speed +1"
Arkveld B,Arkvulcan Greaves β,Legs,66,2,0,-1,0,-3,3,1,0,"Arkveld's Hunger +1,Alluring Pelt +1,Convert Element +1,Quick Sheathe +1"
Guardian Arkveld A,G. Arkveld Helm α,Head,66,2,0,-1,0,-4,1,1,0,"Guardian Arkveld's Vitality +1,Guardian's Pulse +1,Flayer +1,Partbreaker +2"
Guardian Arkveld A,G. Arkveld Mail α,Chest,66,2,0,-1,0,-4,0,0,0,"Guardian Arkveld's Vitality +1,Guardian's Pulse +1,Flayer +2,Blight Resistance +2"
Guardian Arkveld A,G. Arkveld Vambraces α,Arms,66,2,0,-1,0,-4,1,0,0,"Guardian Arkveld's Vitality +1,Guardian's Pulse +1,Weakness Exploit +2,Blight Resistance +1"
Guardian Arkveld A,G. Arkveld Coil α,Waist,66,2,0,-1,0,-4,0,0,0,"Guardian Arkveld's Vitality +1,Guardian's Pulse +1,Flayer +2,Elemental Absorption +1"
Guardian Arkveld A,G. Arkveld Greaves α,Legs,66,2,0,-1,0,-4,0,0,0,"Guardian Arkveld's Vitality +1,Guardian's Pulse +1,Elemental Absorption +2,Weakness Exploit +1"
Guardian Arkveld B,G. Arkveld Helm β,Head,66,2,0,-1,0,-4,3,1,0,"Guardian Arkveld's Vitality +1,Guardian's Protection +1,Flayer +1,Partbreaker +1"
Guardian Arkveld B,G. Arkveld Mail β,Chest,66,2,0,-1,0,-4,3,0,0,"Guardian Arkveld's Vitality +1,Guardian's Protection +1,Flayer +1,Blight Resistance +2"
Guardian Arkveld B,G. Arkveld Vambraces β,Arms,66,2,0,-1,0,-4,1,1,1,"Guardian Arkveld's Vitality +1,Guardian's Protection +1,Weakness Exploit +2"
Guardian Arkveld B,G. Arkveld Coil β,Waist,66,2,0,-1,0,-4,2,1,0,"Guardian Arkveld's Vitality +1,Guardian's Protection +1,Flayer +2"
Guardian Arkveld B,G. Arkveld Greaves β,Legs,66,2,0,-1,0,-4,2,1,0,"Guardian Arkveld's Vitality +1,Guardian's Protection +1,Elemental Absorption +1,Weakness Exploit +1"
Guild Ace A,Guild Ace Earrings α,Head,60,2,2,2,2,2,3,0,0,"Peak Performance +1,Foray +1,Constitution +1"
Guild Ace A,Guild Ace Mail α,Chest,60,2,2,2,2,2,3,0,0,"Peak Performance +1,Foray +1,Constitution +1"
Guild Ace A,Guild Ace Vambraces α,Arms,60,2,2,2,2,2,3,0,0,"Peak Performance +1,Foray +1,Constitution +1"
Guild Ace A,Guild Ace Coil α,Waist,60,2,2,2,2,2,3,0,0,"Peak Performance +1,Foray +1,Constitution +1"
Guild Ace A,Guild Ace Boots α,Legs,60,2,2,2,2,2,3,0,0,"Peak Performance +1,Foray +1,Constitution +1"
Dragonking A,Dragonking Eyepatch α,Head,60,0,0,0,0,0,0,0,0,Counterstrike +3
Mimiphyta A,Mimiphyta α,Head,36,-3,2,-2,2,2,1,0,0,"Fortifying Pelt +1,Entomologist +1,Ambush +1"
Expedition Headgear A,Expedition Headgear α,Head,40,1,1,1,1,1,1,0,0,"Blight Resistance +1,Coalescence +1"
